kernel,model,accuracy,f1,auc,mcc,cost,score
poly,XGBoost,0.8800864241987757,0.8647111400016251,0.9624468153996599,0.7592703203534363,11265,0.8104497013274999
