kernel,model,accuracy,f1,auc,mcc,cost,score
cosine,RandomForest,0.8772011955778026,0.8621442432082794,0.962026865588727,0.7542623012557221,22820,0.8066034083175788
