Split,Best_Model,Kernel,Accuracy,F1,AUC,MCC,Cost,Score
0.2,XGBoost,linear,0.9980,0.9980,0.999856,0.996001,80,0.996972
0.4,XGBoost,sigmoid,0.996083,0.996082,0.999781,0.992167,365,0.994081
0.6,XGBoost,linear,0.995222,0.995216,0.999707,0.990448,705,0.992777
