kernel,model,accuracy,f1,auc,mcc,cost,score
linear,XGBoost,0.9952222222222222,0.9952158433466844,0.9997073271604938,0.9904479660434733,705,0.9927766259971984
