kernel,model,accuracy,f1,auc,mcc,cost,score
sigmoid,RandomForest,0.8751590521691115,0.8615548455804047,0.9599360917732039,0.7524626512990221,33725,0.8048665588219968
