kernel,model,accuracy,f1,auc,mcc,cost,score
linear,XGBoost,0.998,0.9980013324450366,0.9998563888888888,0.9960008853345138,80,0.996972030756441
