kernel,model,accuracy,f1,auc,mcc,cost,score
sigmoid,XGBoost,0.9960833333333333,0.9960817007086286,0.9997814027777778,0.9921670111691608,365,0.994081358444831
